model,level,L_km,k_per_km,n_edges,E_linear_0,p_linear_0,E_mlp,p_mlp,E_encoder,p_encoder
small,0,10007.543398010286,9.992462287985895e-05,60,4.578504766580522,0.7049930455345337,26.768500825329983,0.702088632495289,4155.69459134796,0.1777926663996857
small,1,5003.771699005143,0.0001998492457597179,240,1.4112317136104404,0.21729988161095554,8.279439294618038,0.2171544925177737,4132.91781598949,0.17681820989573563
small,2,2501.8858495025715,0.0003996984915194358,960,0.37471969835215674,0.05769892024386138,2.2378713233119494,0.05869525631400917,4098.492850568822,0.17534541004042378
small,3,1250.9429247512858,0.0007993969830388716,3840,0.09651771504198653,0.014861689862628136,0.6022646453921318,0.01579629595406785,3977.1267105128327,0.17015301459920998
small,4,625.4714623756429,0.0015987939660777432,15360,0.025633084182440865,0.003946953646554481,0.17573724946607963,0.004609265418381992,3666.0157883931447,0.15684278710922914
small,5,312.73573118782144,0.0031975879321554865,61440,0.007790088389394089,0.0011995091014667314,0.06314042011631608,0.0016560573004781236,3343.576796815721,0.14304791195571576
operational,0,10007.543398010286,9.992462287985895e-05,60,4.24960808451347,0.7053930584948223,7.750266990886478,0.7033880456500794,2081.2110196744425,0.17296090988747392
operational,1,5003.771699005143,0.0001998492457597179,240,1.3083610021036884,0.2171750313287851,2.4008309848154084,0.2178913083034717,2070.692606018855,0.172086767679286
operational,2,2501.8858495025715,0.0003996984915194358,960,0.3463484768144853,0.05749043358975151,0.6389091973316053,0.057985240016555376,2044.0553402492271,0.16987305379786038
operational,3,1250.9429247512858,0.0007993969830388716,3840,0.0884404011902841,0.014680234941539553,0.16467021679483917,0.01494491249195642,1956.9517566683512,0.16263423230009386
operational,4,625.4714623756429,0.0015987939660777432,15360,0.022879873969318846,0.0037978335781149214,0.04393195409685361,0.0039871157174470925,1705.216357990229,0.14171353603496217
operational,5,312.73573118782144,0.0031975879321554865,61440,0.006454167956482873,0.001071328269412393,0.013692601198927597,0.0012426942205352328,1258.7146857006996,0.10460661377892101
operational,6,156.36786559391072,0.006395175864310973,245760,0.0023620667335472,0.000392079797574202,0.006177880934904712,0.0005606835999548549,915.9986080258436,0.07612488652140258
full,0,10007.543398010286,9.992462287985895e-05,60,4.321813563829193,0.7052386201706756,39.96012659955483,0.7061258075556575,1612.4996485650008,0.16675629661562855
full,1,5003.771699005143,0.0001998492457597179,240,1.3310782154455458,0.21720690865904335,12.276704953976255,0.2169387070922242,1613.2810775303776,0.16683710792026998
full,2,2501.8858495025715,0.0003996984915194358,960,0.3526332158918483,0.05754310289626918,3.244384521172695,0.05733074028998862,1600.2228958724195,0.16548669893521809
full,3,1250.9429247512858,0.0007993969830388716,3840,0.0901815117953703,0.014715925155994547,0.8251373680748725,0.014580804415737511,1550.0966661570335,0.16030290591046872
full,4,625.4714623756429,0.0015987939660777432,15360,0.023394825688570778,0.003817595170191197,0.21029030550656133,0.0037159895233815593,1394.178378377361,0.14417865046152875
full,5,312.73573118782144,0.0031975879321554865,61440,0.006626035696852369,0.0010812442978011094,0.05621385173945247,0.0009933414839525827,1088.8094221489016,0.1125989869947152
full,6,156.36786559391072,0.006395175864310973,245760,0.0024304497585903493,0.0003966036500250459,0.017803967609853383,0.0003146096390581141,810.7095819088057,0.08383935316217056
