step_index,step_name,H_nats,H_n,slope,slope_r2,prefactor,m0_share,E_M0,E_M1,E_M2,E_M3,E_M4,E_M5
0,encoder,1.6782876698592315,0.9366701829583686,-0.45134839723110715,0.5874714999020233,183.26786229753378,0.19361892832211822,7386.1259765625,8423.2890625,8693.919921875,7826.462890625,4605.1015625,1212.8480224609375
1,processor_1,1.7482883376210274,0.9757382995019102,-0.162971221647582,0.5205137903296779,103.37637324662417,0.2776498611203445,606.1697387695312,382.7884826660156,298.35894775390625,273.92962646484375,295.0575866699219,326.91204833984375
2,processor_2,1.7564555924411591,0.9802965312067775,-0.1412200338504648,0.4778780246334148,55.43457793129227,0.26684474779477296,263.5539855957031,169.47097778320312,135.43740844726562,130.866943359375,135.13644409179688,153.20211791992188
3,processor_3,1.7876046336518414,0.997681142113342,-0.04639774874759784,0.3917394916659814,65.91122903339358,0.19965855168021954,112.15669250488281,93.9051513671875,86.37571716308594,86.77080535888672,91.904296875,90.62982940673828
4,processor_4,1.7379661377890563,0.9699773700863016,-0.08708716982670349,0.10079130234941425,21.312469526945605,0.2557300480446355,66.17642211914062,43.93904113769531,33.37903594970703,29.02187728881836,28.84406852722168,57.41408157348633
5,processor_5,1.736583827923227,0.9692058882609956,-0.1915455215427162,0.41998236679586004,9.525294563292531,0.2450693702196906,62.204742431640625,55.76802062988281,40.29833221435547,27.56188201904297,23.577194213867188,44.41486740112305
6,processor_6,1.7297558930650287,0.9653951452592354,-0.18343367709893924,0.35237894375259143,9.552106437178931,0.25894608932105295,62.4296989440918,50.927894592285156,35.477760314941406,24.878732681274414,22.7889347076416,44.588470458984375
7,processor_7,1.7818773551105787,0.9944846870982443,-0.0574487284273244,0.21735301437760168,22.694241922189857,0.18398856289057722,38.895362854003906,39.978599548339844,37.19792938232422,29.065032958984375,27.859153747558594,38.404903411865234
8,processor_8,1.7648087261448164,0.9849585038917921,0.08421709264763291,0.2158482205107019,46.70524288511551,0.14227452497465276,21.776506423950195,25.357521057128906,25.567392349243164,21.21261978149414,20.48644256591797,38.6592903137207
9,processor_9,1.7869612444545602,0.9973220597653311,0.005371424070437024,0.004149001665274822,47.24460575669861,0.15167143960071386,41.50148010253906,50.22929763793945,48.9117546081543,43.029075622558594,39.391334533691406,50.564579010009766
10,processor_10,1.7772849954154024,0.9919216423514209,-0.13168195562435456,0.6938069865492273,39.43671707115109,0.18697427198949262,120.3481216430664,120.12218475341797,118.2237319946289,112.3622055053711,101.67803955078125,70.92711639404297
11,processor_11,1.7669399596783675,0.9861479679745293,-0.16360163199574346,0.5479420766376799,28.218790605415755,0.19339868118893971,114.61201477050781,108.86097717285156,106.82825469970703,105.58890533447266,103.05354309082031,53.676761627197266
12,processor_12,1.784427207743753,0.9959077869489587,0.07569594382502322,0.6126197079707412,67.44857975546994,0.1559675870112401,36.08539581298828,35.293514251708984,35.71084213256836,36.45748519897461,38.79609298706055,49.02138137817383
13,processor_13,1.6844387682232098,0.9401031763202669,0.21442991668305456,0.43449817714896016,108.81110994535037,0.13339168009165783,19.19081687927246,17.96320343017578,17.744998931884766,17.844970703125,19.54271697998047,51.58146286010742
14,processor_14,1.705316019162808,0.9517549919228336,0.187597864127849,0.40005511956418915,95.84802550083046,0.1422679668695361,21.66727638244629,19.657737731933594,19.163293838500977,19.226682662963867,21.28290557861328,51.30115509033203
15,processor_15,1.6129453138731924,0.9002019197186656,0.2926696901041961,0.5131793207415399,118.74859090397186,0.11401996965539907,10.571707725524902,10.169057846069336,10.265141487121582,10.568049430847168,12.2439603805542,38.90011978149414
16,processor_16,1.5766176954888103,0.8799270898610435,0.2803669853870113,0.4033534018266249,68.40888251073146,0.11746872440250841,7.0808024406433105,6.591370105743408,6.395373344421387,6.394082546234131,6.851713180541992,26.96485137939453
