step_index,step_name,S_H_bits,S_max_bits,S_H_over_S_max,dominant_level,dominant_fraction,slope,slope_r2,lmax,l0_fraction,partial_levels,E_M0,E_M1,E_M2,E_M3,E_M4,E_M5
0,encoder,1.7577739831996066,2.584962500721156,0.6799997998846098,0,0.5495909092612312,-2.782314732108897,0.9327497590342366,100,0.10845048738317878,5,2578.753286610663,891.6433134238193,786.6449627514407,341.2974460338847,86.21646630893554,7.5768785105542635
1,processor_1,1.8075589555578988,2.584962500721156,0.6992592561995091,0,0.5287975199424703,-2.6981852677678346,0.9308595184025573,100,0.10388546740779289,5,2445.9540419076507,904.8828268814173,808.7334514280665,360.1513653464816,96.61989613749688,9.160523856709059
2,processor_2,1.831005275442734,2.584962500721156,0.7083295308662767,0,0.5206299217111321,-2.650997484477618,0.9299841935127924,100,0.11381692810667543,5,2463.100119174833,929.6535681577005,836.2898940414241,384.36372858579756,107.04331034599741,10.549302018087339
3,processor_3,1.8516904161150536,2.584962500721156,0.716331635603405,0,0.5159437030625752,-2.599381399756062,0.9279449510688688,100,0.1287886788714999,5,2428.0995216891793,906.2668324935987,839.7339159375771,403.70661147087833,116.45050413860862,11.875293623146062
4,processor_4,1.8685919189729907,2.584962500721156,0.7228700294304805,0,0.5109012654679578,-2.5749899146062347,0.9259051026352315,100,0.13739014798046767,5,2451.905386912095,916.0838444635208,863.2474155693723,428.78934133309764,126.25094072588269,12.899649011126122
5,processor_5,1.8805246380108234,2.584962500721156,0.7274862352882072,0,0.507773530886447,-2.548551276272242,0.924986529864039,100,0.1316098809100262,5,2506.1487181121565,932.2303357035296,893.4709107431622,453.37017559734954,136.1994441295576,14.144334804394877
6,processor_6,1.8935312983810029,2.584962500721156,0.7325178983651573,0,0.5028858742813439,-2.5312081977035845,0.9238645673149908,100,0.11711215509125278,5,2555.784025724114,958.9283379450059,928.560935114318,478.05044730499753,145.68717283701898,15.223751866388868
7,processor_7,1.9074310638338576,2.584962500721156,0.7378950616504959,0,0.49707954693366524,-2.5061839502748255,0.9241315518781369,100,0.10192374052280978,5,2578.2066732773324,983.7585718718692,957.3971213305306,496.7069007935175,154.06703799058693,16.5721183305688
8,processor_8,1.9205976272768526,2.584962500721156,0.7429885836800503,0,0.4888438163458103,-2.5163912787557257,0.9232792761494332,100,0.08501893172161155,5,2593.8007435289437,1022.7838199571221,997.7684098057805,516.4067159310057,158.42692545653227,16.80408582295587
9,processor_9,1.930529471391507,2.584962500721156,0.7468307454568202,0,0.48453229984843743,-2.5093483024631733,0.9224610517067924,100,0.09632062000284601,5,2607.6380475990977,1037.1266045876705,1021.6670065851847,533.2608938415245,164.60908012582996,17.461458007731895
10,processor_10,1.9438618135902972,2.584962500721156,0.7519883994634337,0,0.479383341652258,-2.477182994697612,0.9234389095368751,100,0.06450163593877627,5,2600.8691796426624,1048.1425330489521,1038.0786484873927,546.4116365908901,172.82889983705678,19.11665899445587
11,processor_11,1.9531566980971806,2.584962500721156,0.7555841516278424,0,0.4727678934429319,-2.490070712351383,0.9232626379522343,100,0.057680199984657225,5,2587.087350623959,1071.6723753045615,1063.4504204143932,556.5681406598399,174.4042234885132,19.03205083077468
12,processor_12,1.9615353190976972,2.584962500721156,0.7588254446826465,0,0.46996124433588726,-2.473962190130131,0.9229976443362303,100,0.03138408216613976,5,2626.597977835418,1091.7227395269147,1090.2207897356398,576.4417466996081,183.67760883629924,20.30633304865371
13,processor_13,1.9922194869463556,2.584962500721156,0.7706957011525559,0,0.45247723577375143,-2.4778147047542767,0.9202479677587787,100,0.0343894077554171,5,2550.779132226709,1118.8830146439047,1140.448828444978,612.277764096938,194.07174485175267,20.904073678152205
14,processor_14,2.0104946206477536,2.584962500721156,0.7777654879275283,0,0.4447773797087486,-2.443628047676789,0.920121393422968,100,0.030587416310373285,5,2512.956304361321,1125.7040030750504,1153.7816188104357,628.4939459502259,206.10052048577552,22.882913031138074
15,processor_15,2.0810504449241565,2.584962500721156,0.8050602066156017,0,0.3973375341048894,-2.409739269444845,0.9179666548843471,100,0.024207237972799785,5,2090.464400452749,1129.4712971573003,1161.8330548402719,639.9925802916699,214.9110326231516,24.507918450951284
16,processor_16,2.19138941972717,2.584962500721156,0.8477451487655289,0,0.28511577043547803,-2.3476616535492716,0.9106708631958286,100,0.022948125883616933,5,1290.718201687042,1133.8124373037078,1182.3752440903904,661.7520269435099,230.98996350830956,27.349001159850317
